timestamp,hosts_analyzed,records_processed,analysis_time
2026-03-06T17:29:23.671675,2,27,0.0402
2026-03-06T18:24:35.595406,2,29,0.0358
2026-03-06T18:26:51.641110,3,111,0.0387
2026-03-06T18:27:20.316210,2,26,0.0590
2026-03-06T18:31:11.629827,2,174,0.0263
2026-03-06T18:32:11.687443,3,208,0.0170
2026-03-06T18:33:11.747121,3,246,0.0210
2026-03-06T18:34:11.807001,3,284,0.0181
2026-03-06T18:35:11.866326,3,320,0.0208
2026-03-06T18:36:11.925629,3,358,0.0178
2026-03-06T18:37:11.979054,3,394,0.0179
2026-03-06T18:42:42.055078,2,26,0.0235
2026-03-06T18:43:12.334639,2,40,0.0134
2026-03-06T18:44:12.385236,2,78,0.0150
2026-03-06T18:45:12.443183,2,114,0.0182
2026-03-06T18:46:09.955753,2,26,0.0359
2026-03-06T18:46:12.504434,2,30,0.0180
2026-03-06T18:47:12.565149,2,63,0.0201
2026-03-06T18:48:12.621963,2,100,0.0190
2026-03-06T18:49:12.683957,2,140,0.0224
2026-03-06T18:50:12.748032,3,182,0.0251
2026-03-06T18:50:26.171226,3,195,0.0277
2026-03-06T18:51:26.229841,3,247,0.0160
2026-03-06T18:52:26.282958,3,301,0.0153
2026-03-06T18:53:26.349123,3,353,0.0173
2026-03-06T18:54:26.408584,3,406,0.0180
2026-03-06T18:55:26.470886,3,457,0.0205
2026-03-06T18:56:26.530239,3,506,0.0179
2026-03-06T18:57:26.591344,3,552,0.0160
2026-03-06T18:58:26.652617,3,1045,0.0149
2026-03-06T18:59:26.724433,3,1640,0.0263
2026-03-06T19:00:26.803488,3,2247,0.0256
2026-03-06T19:01:26.870369,3,2850,0.0230
2026-03-06T19:02:26.945819,3,3461,0.0236
2026-03-06T19:03:27.036360,3,4045,0.0303
2026-03-06T19:04:27.133827,3,4651,0.0307
2026-03-06T19:05:27.229892,3,5255,0.0309
2026-03-06T19:06:27.320119,3,5862,0.0338
2026-03-06T19:07:27.403825,2,6456,0.0255
2026-03-06T19:08:27.492104,2,7059,0.0237
2026-03-06T19:09:27.592881,2,7561,0.0348
2026-03-06T19:10:27.709884,3,7568,0.0421
